1.048373259462921647e-01,-4.314827800900871146e-01,-1.498422977370143405e+00,-2.110773354449211325e+00,-2.925618890773449721e+00,2.718918169577928534e-01,-1.965117365913994218e-01,3.688953640180821392e+00,-1.942559676271386593e+00,-2.236041115529370238e+00,2.915821648795882126e-01,1.106706123626130633e+00,-7.777746458542238173e-02,1.661539176622061964e+00,-5.181756937133302543e+00,6.814882597328610903e-01,2.314631375598794172e+00,-8.717631520614604890e-01,1.458949549710943039e+00,9.239090562417888453e-02
5.056566982303983826e-01,-1.763755644184163307e+00,6.404798713670150079e-01,-9.322246466423811384e-01,-9.678574269275657116e-01,1.274813896054360352e-01,-5.016365565323936959e-01,9.660698603821814556e-01,3.872670256446936882e-02,1.677738236218511980e-01,-1.768915619217912738e+00,1.982794620577150724e+00,1.086985932250306819e+00,-7.530245090166061417e-02,-3.043399158154604489e+00,1.457949341314298097e+00,2.497130196278494196e-01,-4.363622451215831005e-02,-7.315782414127987299e-02,-7.858041839242233539e-01
8.038105112364318794e-01,6.653802347479893520e-01,-2.250914667547367909e+00,-2.759373025300396964e+00,2.815808885644257575e-01,5.960216604675445673e-01,1.136438522095768011e+00,-1.993364227064346572e+00,4.427955021447619460e-02,1.002565422160167863e+00,1.755469451873433506e+00,-3.139847744690559939e+00,-7.649913283385087470e-02,6.081155505553463847e-01,-7.061564277393356903e+00,4.763722671005683473e-01,3.377331308879781169e+00,4.215781764720226144e-01,4.070465243178049697e-01,-1.113501598663777070e+00
1.955322118216488603e+00,3.406723287465323047e-01,-8.479003500514523672e-01,6.453396008111165205e-01,-2.197853401119962413e+00,-5.949619951919276062e-01,-1.164462245477180025e+00,2.145112681121377207e+00,-3.678504985858562226e-01,-6.318933161256159448e-01,-2.146723418372599390e+00,2.044775249665270689e+00,1.037150698688818595e+00,9.412077260620067831e-02,-1.787599202615885563e+00,3.022123483883620287e-01,-7.013723881200791821e-01,-4.465148345282610176e-01,8.414058838605521506e-01,-6.692875195586194259e-01
1.584998219722670854e-01,1.584467186944581885e+00,1.685622333909418291e+00,4.065897477423968454e+00,-2.276108119353054349e+00,1.398676496125076385e+00,-8.967262218555437370e-01,-1.932784184604130484e+00,-1.065612090965110559e+00,1.113774260585292497e+00,-2.517356007981309762e+00,6.260535378301190335e+00,5.670042234708171369e-01,1.893614373538128337e-01,5.538309592057191644e+00,-5.113674153474897510e-01,-4.638018452072527609e+00,1.073411615532791963e+00,-1.404641309536085736e-01,-1.117568627606126963e+00
-5.577687174315842933e-01,-1.731081857355365239e+00,-3.844479260362962947e-01,-1.595078881911642377e+00,2.951896360333169378e-01,1.398429955676347980e+00,1.116526966318883263e+00,8.061151055955299016e-01,-1.801085197508728530e+00,-3.367649698332239594e-01,7.828529746704685488e-01,-2.489860508324881927e+00,1.439754721853975461e+00,1.123514727746911801e-01,6.666555285809374620e-01,5.017899737099029700e-01,2.639451803159413856e+00,-1.373732353792717298e+00,3.906773966511499774e-01,-1.958030291368279274e-01
-4.084529021502004142e-01,2.380978065226432072e+00,1.559925548992277533e-01,-8.438327636532934051e-01,2.238651104968790051e+00,-1.576421415834567963e+00,6.244609754697429960e-01,4.945963020391776155e+00,7.203451876137274557e-01,-2.692951390217315222e+00,1.347154122944626442e+00,2.509359115625082737e-01,-1.552793585027848478e+00,-6.531309859809109053e-01,-1.632147870018412661e+00,-1.101220274560444468e+00,-6.143268617774456652e-01,4.734818498458194247e-01,1.822135888040349538e+00,-3.644126242374473024e-01
-5.843569252598550950e-02,7.867516466264738995e-01,-3.359235978246319476e+00,-4.979918112269634101e+00,2.251278977024737671e+00,1.231247783776484583e+00,3.404101457779284967e-01,2.280343436731297135e+00,-8.061349014070241514e-01,-5.442111648904333077e-01,3.664911263335607128e+00,-7.334323955312759935e+00,4.840991149740812571e-01,1.535914299712162867e+00,-1.416551629029303960e+01,5.088547137455534664e-01,6.043596003609215117e+00,4.392297715745372977e-01,-1.775202724025700673e-01,-2.492599340732008173e+00
-1.190058383537229814e+00,3.248151935346356156e-01,2.616999793093189197e+00,6.118926871502663012e+00,-1.972551244042694218e+00,9.923350527905766549e-01,-6.461812966554324467e-01,1.610486407227711969e-01,7.682695382895614322e-02,-7.779028473420590561e-02,-2.643634864610426849e+00,9.614866168064143181e+00,-9.219786139071943776e-01,5.694817957403872644e-01,1.173003603007042273e+01,-2.093345808493114191e-01,-6.001330333700164665e+00,4.105131811467426228e-01,-9.496214209506542714e-01,-6.469915031332285071e-01
-1.623879297553537437e+00,-4.562655134167782345e-01,1.654237897256551904e+00,3.547910222108590084e+00,-2.981948547758551449e+00,-6.682260992491154683e-01,-4.236244974248324913e-01,1.662208334001523014e+00,2.232668048081754286e-01,-3.822908016256482133e-02,-4.019460723974944472e+00,5.872961193900119170e+00,-2.655018317486792956e+00,-1.060056848745501545e+00,7.170706808534308863e+00,7.125241902942042183e-02,-3.966387196302196827e+00,-1.197309967989422935e-01,1.496085051143488109e-01,7.135256838231045506e-01
3.496663224881984000e-01,3.295647426704921834e+00,-1.049962263605002111e+00,-2.820251302682679206e+00,2.512337101678901452e-01,-1.020655412521058736e+00,6.509351337050747199e-01,-1.610204451459790409e+00,8.559519066256424669e-01,7.125720628558361858e-01,6.303032983618070961e-01,-3.428266235099875381e+00,-8.482468791369013328e-01,9.702294371707451126e-02,-2.105563227989848851e+00,1.313140397820035110e-01,1.720499237954036253e-01,4.516195648406839402e-01,-2.558208960845900423e-02,7.035118725392034422e-01
1.836883310274650905e+00,-1.243186159825373505e+00,-7.546655417367256202e-01,-2.080056722665567293e+00,9.483193444863324828e-02,5.072113505125342980e-01,-5.317343446444838112e-02,-6.127568388451226866e+00,-4.926035650437929903e-01,2.634769644637438901e+00,2.012499250555583430e+00,-4.305879105738727120e+00,-1.402483345888430710e+00,5.095429120317498395e-01,-4.854881131762167179e+00,-2.971903107997237933e-02,1.507573377227299671e+00,-6.027546640564338531e-01,-1.504683732178743627e+00,-4.928297809353183179e-01
9.707232701239784101e-01,7.652476642380502403e-01,-6.772848074264192775e-01,-1.839537603557486412e+00,2.161683971849034158e+00,-1.821635195628340531e+00,9.460958258656759767e-01,-5.075098343098779274e+00,1.298739907337238986e+00,2.272362405681488173e+00,1.816348704997408969e+00,-2.724063574379234076e+00,8.573015664507119826e-01,-4.199191998505242829e-01,-3.354088321267067130e+00,-4.799334011248256315e-01,-5.070992474521784921e-02,-1.122454595095855878e-01,-7.438518872585468955e-01,-1.343367421784191329e+00
-5.641720442192937890e-01,9.100068550196616091e-01,-6.786489621234153002e-01,-2.193150473656784172e+00,2.256790076454829208e+00,1.187150040764833214e+00,4.475577241193968714e-01,-4.053138887114695166e+00,7.670841628571615223e-01,2.789519978679260159e+00,1.304445005627117515e+00,-7.803824209679163459e+00,-7.366941328290862456e-01,9.072686042778525806e-02,-2.722279969698347291e+00,-1.121500846063335111e+00,1.321960503950202481e+00,1.326282577412963182e+00,-1.487634341153823536e+00,1.192696576091685667e+00
1.204325813946209189e+00,-5.444803749398995363e-01,-5.389825704777597259e+00,-4.807700830581016938e+00,-1.322499136908685591e+00,-6.273567797953732983e-01,2.005867188902259013e+00,-4.929391447729668307e+00,-2.035880374587851094e+00,3.187787045581207845e+00,1.423276837530153660e+00,-1.181825549648150719e+01,4.431673961600476885e-02,1.515320073747701057e+00,-4.457281924290389163e+00,-2.340348969129291579e+00,3.567946902605508175e+00,1.054912769732472416e-01,-1.384627883977932017e+00,1.973391904173312339e+00
1.649074202394785527e+00,-5.274069984057161431e-01,4.803249058152355921e+00,8.568916194902946870e+00,-3.273807756121557944e+00,-2.612433507641420682e+00,-6.014349997490379129e-01,-8.403287950411201246e-01,3.503436939832091368e-01,1.290578254690464555e-01,-3.103200379486334093e+00,1.131359710390919915e+01,-9.352938258367041735e-01,-1.664512619437132024e+00,1.709999099370454445e+01,-6.160959854076297759e-01,-1.065251006639039666e+01,1.259850536384061193e-01,-2.271309738541341938e-01,-6.355325669757937168e-02
-1.692836528286495446e-01,3.039364283389667687e+00,-1.279689031240018871e+00,-4.100531530451666518e-01,-2.922423832237602159e+00,2.974080401232566118e-01,-5.007309823097380042e-01,-1.396438312037788343e+00,-1.359471210553510723e+00,9.781103257792650441e-02,-1.407917230371369621e+00,-1.768064669956519452e+00,1.457132532559528793e+00,5.512735904616050675e-01,-1.321844109971982428e+00,-9.446326379463324541e-01,-1.300459874877808453e-01,1.534325519123739268e+00,5.209218274754016248e-02,2.136786581274228436e-01
1.042716116102808677e+00,1.612085707097781206e+00,-4.544599838321922158e-02,1.157739257172760272e+00,-2.421825438180327694e+00,-7.759928328894931671e-01,4.621993616661858595e-01,1.663447436124473322e+00,1.363489005609555882e+00,-5.058109984931452585e-01,-1.201683470501520024e+00,1.793513444811846602e+00,-3.244929051567006506e-01,-2.150053907924010799e-01,5.069360552700874489e-01,2.223712931132791615e-01,-6.887314787353644441e-01,4.344070245835576216e-01,3.669318278753975204e-01,-1.096603845217900775e+00
-2.014058631352833584e-01,1.498730224201132444e-01,-7.746560520751005763e-01,-4.067470821576534945e+00,1.074810219770588660e+00,1.042303535793523417e-01,1.541263692625420290e-01,3.258606153243590597e-01,-6.908424342926693384e-01,-5.226566302511717055e-01,2.266892976725375597e+00,-6.950033164231504301e+00,-4.749656120045724350e-01,2.392195367057119437e-01,-7.464922796425019769e+00,1.058850378904909517e+00,5.021473598173985309e+00,-1.360237377256216185e+00,-1.864614586937486107e-01,-5.716926587712213292e-01
-8.100079156606856401e-01,-2.873518342636661060e+00,-2.845058568533600507e-01,-1.615637360847426429e-01,7.653962803149148009e-01,3.793442783286422593e-01,1.602530138441793151e+00,-2.567151590979092068e-01,-9.091063718752685485e-01,3.408366516201856156e-01,2.911436840749401789e-01,-2.751438320067246313e+00,-2.115099865443492155e-01,-6.386208281571645884e-01,2.474796889985648285e+00,-7.904977237416690450e-01,-9.482110959541307782e-01,-7.675855215357964001e-01,-9.567139603715613116e-01,4.648207568333864170e-01
-1.091704835542401941e+00,-4.801367710575077385e-01,-1.210264379696486703e+00,-1.037775390164618061e+00,1.113196156941052006e+00,8.660186126726741873e-02,1.114243763134499243e+00,-1.025110108320736568e+00,1.422924205101938844e+00,7.552042636733654613e-01,1.216205991812068010e+00,-4.635842541740182732e+00,6.567961784936224845e-01,5.675963640428187407e-02,-4.550789320438272334e+00,-6.696481279306201184e-01,2.282812461600416398e+00,-1.342172000207303650e+00,-8.241383966656056215e-01,-1.355741081228104994e+00
3.417004176937391557e-01,1.378302580040833059e+00,1.092535185687504740e+00,-2.572942086299141451e-01,2.318029062692693820e+00,-4.433897285949634504e-01,-7.708831724932352358e-02,-3.200574474456391094e+00,8.287517466298418567e-01,1.959011938523731899e+00,8.218468440094109928e-01,-1.368913200565792909e+00,6.292387085235636723e-01,-6.400176785038159677e-01,3.350049204527021929e-01,8.040569919762852180e-01,-1.264025077244793072e-01,1.713104056413086163e+00,-7.311409095867422714e-01,-3.532979100392826255e-01
-9.237452617042694047e-01,-2.596004287364633845e-01,-1.594755675764300662e+00,-1.696737883905967026e+00,-6.639235444030361366e-03,1.639629648424518527e+00,2.030332804016532044e+00,2.360955933646789351e+00,7.457817873752464743e-02,-1.703373135057086651e+00,-7.199741932936638555e-01,-2.036256589256239202e+00,3.848236532252488629e-02,-7.356962249815627297e-01,-2.163522848632439821e-01,-5.378795429496355807e-01,-4.747329682823113739e-01,-5.517198541128259803e-01,7.793378747233559167e-01,-3.390398201570484216e-01
-5.606056946833025689e-01,8.207830549400848552e-01,1.103500400562154038e+00,1.389211485406365743e+00,-1.798351119547413335e+00,7.104104838369788011e-01,5.253940971236426005e-01,2.251163830237687513e+00,-1.986240407970721322e-01,-1.204575422977472554e+00,-1.549385513498672928e+00,2.175238405148822274e+00,-2.296795448511370352e-01,-9.966760564764733932e-01,3.375071540539904102e+00,-1.215203206156661775e+00,-4.037285517940670587e+00,-3.885113603850415265e-01,2.922634139782641638e-01,-6.320924744313364263e-01
-1.982900143326832065e+00,-4.017166493747901246e-01,5.938622115473803920e-01,5.017905865513546670e-01,6.070665232132854694e-01,1.555562083257888972e-01,5.309436029421122916e-01,1.135900734384997834e+00,1.674628545787099521e+00,1.551449855929443178e-02,-9.215122214300830450e-01,-1.700769692963557400e+00,-1.206610081639402643e-01,-9.506324627531361759e-01,2.658070010216543100e+00,-7.330392470118342052e-01,-1.382598319731759062e+00,-4.571625528707997654e-01,-7.400804322803149482e-01,-8.131297682019009154e-02
-6.416184804913448170e-02,1.775588798326485640e-01,9.232004542033144245e-01,1.952309388925774103e+00,-1.178815717490195647e+00,5.511285254027175479e-02,1.133925908532134735e-01,5.308637561056888998e+00,5.858121733055553504e-01,-3.253864726424641418e+00,-9.901225013141928821e-01,4.032993746897295395e+00,-5.717749977423101093e-01,5.756544825589050840e-02,4.167523368792917182e+00,-4.266260908570352339e-01,-1.498410908479188119e+00,3.225154265646698604e-01,1.145365227940518260e-01,4.034596226495861249e-01
-2.416396644687398787e+00,1.069082527755653045e+00,-2.182212484971584487e+00,-2.379757861277792763e+00,2.799879215475141958e+00,1.351084793783575488e+00,4.435572901150522385e-02,-2.600006386059583896e+00,9.218748075413694121e-01,1.345933628344481381e+00,2.802473353129043332e+00,-6.914229154906161412e+00,1.378827030757374672e-01,7.353934695123446330e-01,-6.476127839810513542e+00,-1.067657201440030290e+00,3.049224988881881426e+00,8.733020888925362435e-01,-1.287885263342761100e+00,-2.662226618875513373e-01
7.103733259920682608e-01,-3.523410264933476976e-01,-1.968997632492834882e+00,-3.298689308678885102e+00,1.512967603328595256e+00,-3.671879614630339517e-01,4.009844353303916864e-01,-1.929518093671873213e+00,-1.973810496459900976e-01,1.139534993394201390e+00,2.142383324229997221e+00,-7.901064074786203761e+00,1.602638689987489151e+00,2.264059910279033472e-01,-8.176494011773943527e+00,6.127887986667099884e-01,4.330834681690234333e+00,-1.889124310661056613e-02,-1.528903361926791993e+00,-2.067199946643949737e-01
-6.121160183818571410e-01,-3.761734011715457626e+00,9.660109024192974347e-01,6.281817763361259299e-01,-1.858588137516255401e+00,7.486328888947164639e-01,-4.835747838624232520e-01,1.266803227760273431e+00,-5.767923934745526893e-01,-6.262383463449147092e-01,3.019884698538483070e-02,1.126928938227913068e+00,1.083863947438152703e-01,8.558644899721472299e-02,3.760406601179588915e+00,-6.361510794475634667e-02,1.261267468353199028e+00,-1.818394964216416776e+00,-1.317087808935274162e-01,2.271414776812802072e-01
1.086590684624332059e+00,8.801333094265784140e-02,1.054413547689978969e+00,1.051865189810373691e+00,-8.304098304151382726e-01,-3.003020730437263031e-01,-4.970822253667862844e-02,-3.677597792656352560e+00,8.185146401309963959e-01,2.792730940238355331e+00,-1.705402852832542226e+00,4.959792431586829142e-01,1.492530428120221409e+00,-3.461204680090733676e-01,4.163894047980841506e+00,1.235653596468619719e+00,-1.541691610867986117e+00,-4.966269200221968272e-01,-2.516653329176126164e+00,-3.478961372940544972e-01
3.016496502322325579e-01,-1.985670712086071710e+00,-7.600823281510870055e-01,-2.309105196947892846e+00,1.337327363996466234e+00,-1.288174122149652323e+00,-2.269466223776368252e-01,1.866252662076266944e+00,-2.598082287145973446e+00,-1.382875479086595361e+00,1.882015867461736658e+00,-2.768953113936387211e+00,3.111697631372943862e-01,3.622009983982164560e-01,-4.373177654023126415e+00,5.267543507162745220e-01,1.425314579527036551e+00,-9.850363103656498698e-01,1.303769169778667303e+00,-1.897731971431893538e-01
1.668586431306816609e-01,-4.388382921378947144e-01,-5.581485157582930512e+00,-5.839367197711512247e+00,4.428917148800659009e-01,1.485833398163979302e+00,1.500720831391059162e+00,4.176350159351203573e+00,-1.887018097544078676e+00,-2.789322214849033532e+00,1.177308993289159833e+00,-1.066724581841485353e+01,-2.330022669595686047e+00,4.499860184172644884e-01,-1.485728296706852092e+01,-2.045438613865377508e+00,6.042172597927616629e+00,-7.301615147078109880e-01,1.571508032892068307e-01,-1.254047959775457244e+00
1.163285740740328950e-01,-3.822272616411845014e+00,-3.155871189131892685e+00,-5.037319426991495597e+00,2.306533902684152704e+00,9.712403583653802519e-01,1.463082013388709302e-01,-1.231041676099291937e+00,1.493580767943212928e+00,3.696532892723369823e-02,3.580913254364164189e+00,-8.472942928045874567e+00,4.498042465989128824e-01,5.210577444713333506e-01,-9.067348772792797718e+00,3.748040234300157314e-01,4.606211580719228316e+00,-1.844589668779278213e+00,-6.982505188177861033e-01,2.419132584961007915e-01
7.086569764169982077e-01,3.806143969858611253e+00,-2.997480211858220223e+00,-5.839834876664680152e+00,1.391454675304995448e+00,-1.210782371978947891e+00,-4.494994009292822001e-01,1.953570114106532030e+00,-4.588479062554903232e-01,-1.242208800647712330e+00,2.340131185596296959e+00,-8.470260403237775293e+00,-1.485732127221922161e+00,1.038365358622308721e+00,-1.570590364075044221e+01,5.398458411850204364e-01,6.991419545602219898e+00,2.078347654550230406e+00,-1.043045193342620358e+00,-1.297311905683432132e+00
-1.302415364488342275e+00,3.145551268175696968e-01,-6.236958260980479674e-01,-1.493229176457865792e+00,4.074634862265979485e-01,-2.651448510640176170e+00,6.954255557774353669e-01,1.987647445735926111e+00,9.331161026289374050e-01,-9.542632616518768041e-01,3.535608224217748341e-01,-4.736842324785557889e-01,7.572784477860572405e-02,-2.795953105375220682e-01,2.753699489457921423e+00,3.587990972440273096e-01,1.585113035455133268e+00,1.528500866315966489e+00,9.146644230470484249e-01,1.211583238618678449e+00
1.467215151029358511e+00,-1.155101839764405836e-01,3.531200164403022201e-01,1.689181554819687570e-01,8.816611587965341723e-01,7.050386816698078762e-01,-4.614900078984847109e-01,-9.615307278004254776e-01,-1.488651882337065580e+00,1.434030871410870045e+00,2.059370307746409834e-01,1.120873248385354515e-01,-1.811477249947392565e+00,7.951141760231119626e-01,-1.207949307750791679e+00,-1.612296673751473453e+00,-3.027180988740854062e-01,1.631853426511151450e-01,-8.096190789605881566e-01,-8.974365219345596945e-01
-4.192295109112645357e-01,-8.350711325633095594e-01,1.765109123180917949e-01,-1.177346996686848613e+00,-7.413461597224442201e-01,-7.180774613703296838e-01,-2.795781117309341091e-01,1.706962745492890399e-02,7.035117503678041118e-01,3.079077277658912593e-01,1.425512521833774304e+00,-8.460379919364222623e-01,1.819706397200799630e+00,8.618261721523521324e-01,-2.395614903899218273e+00,9.078145455270905106e-01,1.701030654400019770e-01,-1.176614381267391263e+00,-6.367042626827736918e-01,-8.974260713120951749e-01
4.437656913584491769e-01,-1.506714110473831747e+00,-2.119258880532660427e+00,-3.501330118885953802e+00,1.263078646125835647e+00,-4.812082987055901206e-01,1.238767594299072350e+00,-8.175597165959718193e-01,-9.575742411618695660e-02,-1.824276104278428345e-01,1.568323559145245794e+00,-3.622334803130498049e+00,-2.592073375597394591e-01,-1.342658093643797901e-01,-5.247224135671729073e+00,3.985822209164611163e-01,3.100679289124554483e+00,-8.171392737682648955e-01,9.752817494627509243e-01,-7.097264944365299089e-01
5.339728280891308243e-01,-1.463041092597244797e+00,3.246692488351907269e+00,6.632425433501896173e+00,3.779389322739603596e-01,-1.023859841657864811e+00,6.051788638139580373e-02,-2.545448427726876295e-01,3.787322131736235997e-01,2.508229196305875597e-01,-2.142675862720845537e+00,9.931909508862375446e+00,3.566655512358502533e-01,-1.665191636552838972e+00,1.487991786035921393e+01,-1.011601373041171703e+00,-6.986671005734153894e+00,-1.264068103090081108e+00,6.973773810577752474e-01,3.127440870238483162e-01
-9.365507568843083330e-01,1.022247091489802528e+00,1.618008970486535691e+00,5.044988004552779515e+00,-3.094277446228274719e+00,-1.069014463040442176e-01,-8.623899516160101753e-01,4.264631030101194931e+00,-5.724545724908509658e-01,-2.021017379139576686e+00,-3.402785857476155584e+00,8.781275957849700831e+00,1.334793718455922651e+00,-7.193061248532875984e-01,1.084369391309358832e+01,-2.275895565769829598e-01,-4.530643704817360451e+00,2.801438705799007556e-01,2.397969655467356020e-01,3.327108024438338862e-01
3.921205486945344987e-01,-1.260322743282118463e+00,3.812158542340691625e+00,5.176405332214405242e+00,-2.940220075669934818e+00,6.315731008009990433e-01,-7.051789091168104984e-02,-2.439277084358992376e+00,-2.108074998774957631e+00,1.172896959864085265e+00,-3.683654521239940749e+00,9.831887316597903492e+00,-1.535451760438414914e-01,-9.688416557519766714e-01,1.073861970965876544e+01,-1.431979172037871173e+00,-6.698231030721608192e+00,-2.148747106497107540e-01,4.445933603815446222e-01,-1.610610630249497799e+00
-7.309727137276626763e-02,-5.855913411939117630e-01,1.930960700031906452e+00,5.075835154368466107e+00,-2.162484102037876887e+00,8.457409762294002542e-01,2.288973534122794307e-01,-9.366668487061168280e-01,1.888716604449390157e+00,1.755627279374841754e-01,-3.145071826109111957e+00,8.148078526328518478e+00,4.920301484051650687e-01,-5.712069574635999514e-01,8.584401404888984288e+00,-7.409378955094910735e-01,-5.409114102937294000e+00,-7.339987868814231708e-01,9.737874384467559707e-01,-4.669352471770903956e-01
-1.893060616271977192e+00,4.060184136190253534e-01,4.578690282006837586e-01,4.450887074581842739e+00,-3.286877275802642551e+00,3.663753879719444106e-01,7.734290174105222793e-01,4.466940367273544155e+00,-3.897777900454374445e-01,-2.231532182297027767e+00,-2.689036585942828683e+00,5.253619856698624524e+00,8.124708775666564242e-02,-1.228329798211105217e+00,9.302317225522358513e+00,-2.719253527451283681e+00,-5.076651956680334976e+00,-1.106959732640160898e-01,9.880825798490221468e-01,1.742421807402172451e-01
2.813963104534684678e-01,-7.379413772550581507e-01,-1.813133747609281254e+00,-2.528921849965869662e+00,9.050365497947990834e-01,1.469598796653537764e+00,7.068340936998004365e-01,1.951721315202430418e-01,1.153369162175886808e+00,-4.236094500505021010e-01,1.887490592374898357e+00,-4.941246315365003028e+00,1.416213877097906249e+00,2.539079638216262258e-01,-2.680320412421576037e+00,-1.204599207630905999e+00,1.110981241637859052e+00,-3.818618398566363537e-01,-7.920651092551581063e-02,1.953273522974991794e+00
-2.722151107895869337e-01,-1.731399817909146321e+00,-5.805662289484393668e+00,-9.611823989738931928e+00,1.484211679720721877e+00,6.139556207460713511e-01,8.395804458585437446e-01,-1.320548464418880297e-01,-1.892399649650691629e+00,-1.056893349816097061e+00,4.445242248710692401e+00,-1.604281267334585337e+01,1.267597973763206820e+00,2.137263986614869271e+00,-2.011196790171819515e+01,-1.620011172035002334e+00,9.575973560556084507e+00,-4.129460718385817297e-01,5.202867129409118885e-01,-7.835309696487597897e-01
3.198114355777068041e-01,5.916308724329637503e-01,7.993969038307875419e-01,-2.279990941565390727e-03,-1.967129870324739294e+00,-1.155704456753502418e+00,-9.943226626275348812e-01,4.796172457118666799e+00,5.934438316008873449e-02,-2.817038058952166857e+00,-2.140009028036325145e-01,2.201990664515598439e+00,-5.576362480831972279e-01,2.465753711067081577e-01,-2.079009179989732559e+00,-5.431477761051828335e-01,4.119965417764456794e-02,2.219249362885216958e-01,2.010860080154673213e+00,2.350018733540856219e-01
9.329764318024398317e-01,2.359002998767653625e-02,-2.810542031620969494e-01,-2.470377160407799533e-01,4.338051812869703205e+00,8.676715658437256229e-01,6.279430533174484852e-01,-1.933805192214222313e+00,9.025529317790373374e-02,1.267369432176506550e+00,9.584098419992239659e-01,2.134132663647083650e+00,-9.169798075007203897e-01,-8.464426382525309656e-01,-1.850300627115268881e+00,1.711981015275189533e+00,1.026476966182146011e-01,-2.339059551790349800e-02,3.436672927723954940e-01,-9.108581535785104100e-01
-4.144474891482219925e-01,-9.336406541368420520e-01,-6.606768289751721035e-01,1.609676441818290726e+00,1.632763472869406263e-01,-4.502112612335277264e-01,3.888719460911927439e-01,-3.621815377526656832e+00,1.023247348414206392e+00,1.994530635546517328e+00,8.949354867698799954e-01,-1.372961922776426702e-01,-1.748988029061887106e+00,1.323691111998814562e-01,3.798410381593211760e+00,-4.879298561455333028e-01,6.074289122627225535e-01,-4.554702385691239419e-01,-1.100940420156541144e+00,-6.052437490035691425e-01
-6.507661167004175073e-01,2.492998893832343743e+00,-1.757865597383156953e+00,-1.843471866701626549e+00,1.647994217341836265e+00,7.699076726195221987e-01,9.159701491958032182e-01,2.070691486660159786e+00,-1.673364103785479617e-01,-1.093573831372042893e+00,2.221624336605471761e+00,-3.800003331652182847e+00,1.177377287744112655e+00,4.765350014357627173e-01,-8.805430493675927561e-01,-8.647012074440861840e-01,8.073217394089966525e-01,1.533423088618764973e+00,6.809756956468041578e-01,1.266357200181969400e+00
8.993132773570962080e-01,9.551651549168181932e-01,3.291010281571067342e+00,4.859926295043043964e+00,-1.155394151927023660e+00,-1.024750353954604343e+00,-1.234123766152673163e+00,5.706375581767262339e-01,-1.691928314845036585e+00,3.932105716053391209e-02,-1.926944269746261984e+00,5.927521528341010537e+00,1.115370772429761681e+00,-9.566611907260945680e-01,7.264737019396320328e+00,-1.893999515124582977e+00,-6.002449126950716973e+00,2.621144830310955798e-01,3.631610190265061044e-01,-5.767907035322962228e-01
1.127304717584109328e+00,4.292081657588767030e+00,4.708147456404378595e+00,5.998772160134751452e+00,1.545977011637127196e+00,3.876655945988706775e-01,9.917066515880221256e-02,-1.697526443913432548e+00,-1.105346169115700938e+00,1.280752670672701932e+00,-2.939737317004598616e+00,7.325860630991730460e+00,-1.501638881154991223e+00,-2.428873928884018429e+00,1.116442613164516828e+01,-6.957806031699679261e-01,-8.253673270050878585e+00,8.902390937687896244e-01,-2.827963962717385260e-01,-5.396806111038814358e-01
4.404414511016634948e-01,9.010954478165995596e-01,-3.836179645877380473e+00,-5.605845240512913996e+00,2.703112295448365732e+00,1.733988047669809685e-01,1.817003840673503179e+00,1.928167354463809380e+00,4.373111724138356582e-01,-9.990620148269566680e-01,2.657649895958110520e+00,-1.023810900056437845e+01,1.327321942119745746e+00,2.860284578104043129e-01,-1.062731215870797286e+01,-1.319468961276684338e+00,6.308355828385758812e+00,-4.422606827650015643e-02,-2.633393827289148281e-01,-6.230041581832833630e-01
7.697005375306908981e-02,-1.705930477983640614e+00,3.423932377201796662e+00,7.207512527945015179e+00,-1.866366858882414714e+00,-7.356853061302639496e-01,-5.478852345996416684e-01,-4.087658439293019086e+00,2.020387121017133580e+00,2.697831477676190026e+00,-3.689643322440210760e+00,1.076311410752450648e+01,-7.186792191815210007e-01,-1.920498059509607724e+00,1.730158723026669065e+01,1.336655909907509487e+00,-7.737206838967625622e+00,-1.153951073371489500e+00,-9.752281383456976593e-01,1.485471627987918986e+00
-7.862510110950319264e-01,1.034179108764988531e+00,2.038033865078590523e+00,1.690285700121771262e+00,-2.373181577829260203e+00,-9.064141312875779732e-01,-9.278003969530839168e-01,-3.696795280393108674e-01,2.123863110252370401e+00,2.164828836191321493e-01,-1.769371981859376497e+00,3.457532215085519667e+00,-5.095576395465772901e-01,7.363444191543841444e-02,7.419335854385967544e+00,1.443284146209991015e-01,-1.028528587428329422e+00,-1.125677044339344485e-01,3.608823539573206007e-01,2.294810489875869663e+00
8.641497551093888507e-01,1.657195750540723767e+00,-1.644169604850453936e+00,-3.470893610196491785e+00,3.622832331574065368e+00,-2.230011750019617878e-01,4.922183254169705258e-01,5.613957697827030024e+00,-8.008225070761781916e-01,-2.779432626027363185e+00,1.652767876541809677e+00,-2.048605127016614347e+00,5.133722340010462995e-04,1.982171668091418093e-01,-6.779769267325617577e+00,-6.427164373356712701e-02,3.141157999247351285e+00,1.549734928202938233e-01,1.927244411070874408e+00,-3.358589458344232725e-01
3.818286731774251375e-01,-9.074603525416418126e-01,1.147813840878878500e+00,-1.291343280670231852e+00,1.571611762035344695e+00,-8.738468602368111571e-02,8.039490949531806763e-01,3.215891893432146542e+00,-3.449320475111200546e-01,-1.461078841875434797e+00,1.016392780626900194e+00,2.927097715552792190e-01,2.529971394150812847e-01,-1.485336440021130633e+00,1.847716115634006728e+00,2.555652553646588387e+00,1.981720624724422342e-01,-5.454121903235201879e-02,7.940603778282990799e-01,6.354665860934950450e-01
5.269910215819231247e-01,-2.633931452934180628e-01,-2.460142820862870838e+00,-5.067552099105355978e+00,3.159127409200861436e+00,8.659095801900767997e-01,-1.581592392412333459e-01,1.530574672262872582e+00,4.425343681818099117e-01,-5.971146273128586923e-01,3.519238611533158867e+00,-6.397616168781371293e+00,2.156864902502290404e-01,1.143280376104220730e+00,-1.048008663398739060e+01,7.242532273710314827e-01,4.765687737322920725e+00,-6.424309156847161084e-01,1.597381319690458046e+00,8.417689710858687890e-01
1.655097581429874509e+00,-1.068088842313241749e-02,6.930797783726547756e-01,2.648196349869128774e+00,-2.384829929906281176e+00,3.206438312864306472e-01,-5.392958098112852205e-01,-3.610732274055376223e+00,1.001432859707358514e+00,1.064013113442523029e+00,-2.130931839351708046e+00,1.767404414059912110e+00,7.278775290775892914e-01,-2.392130602145215446e-01,2.081049855033080043e+00,-1.514298325913020271e+00,-2.817410754926911398e+00,-3.510570230428964322e-01,-8.612059492710293362e-01,-5.646364204169507239e-01
-1.277510881578280966e+00,-1.762530888642020122e+00,-2.118458318235865168e+00,-3.637249973670358294e+00,2.105332015626589559e+00,6.464510451838807459e-01,-2.546924007699562578e-02,6.172037071933381469e+00,-7.914757401032073147e-01,-3.109184857585634898e+00,2.554004079529695659e+00,-1.627405667880234441e+00,-8.497616729891528387e-01,7.435498837501050007e-01,-8.658090038673510236e+00,-1.248175433800498141e-01,3.242345069181519435e+00,-1.105099102901050845e+00,2.708301006634828312e+00,-1.597814897506781018e-01
-2.548212517004234456e+00,-1.912447062770751049e+00,-3.505775760580614353e+00,-4.090894886294778487e+00,2.523766621232282681e+00,8.792805657481294057e-01,1.187080176587592018e+00,3.593957754333944710e+00,-3.574170476792788431e-01,-2.636533952366685529e+00,3.197048580006371044e+00,-7.083714989546303187e+00,-1.314085173412171015e+00,8.638540796716115411e-01,-8.110602464899129060e+00,-3.016043389286973131e+00,3.868190869558271849e+00,-8.737057045922854703e-01,1.889042994926400265e+00,5.491010108668724354e-02
-2.335630956798432578e+00,-4.521098779093990494e-01,5.674002607200401727e+00,6.020495155400896969e+00,3.440371473360650523e+00,-2.875530768107248392e+00,-1.858106112253783693e-01,-3.672304101435124757e+00,-1.361489538010764333e+00,2.964042466240808693e+00,-1.252363436590289592e+00,5.768107189859405182e+00,-5.277968057617492548e-01,-2.339048979270478501e+00,1.931240953118829395e+01,-7.571987863378805139e-01,-8.972183434134375801e+00,8.803624270442096389e-01,-2.138097436209196456e+00,1.612860493875694745e+00
-2.453455562947753632e-01,2.512190643329760054e+00,3.211130959835772902e-01,-1.322116727666127423e+00,5.642527492601287165e+00,-1.545272588330102836e+00,8.117186871683735871e-01,3.442319910884309442e-01,5.566500609443858494e-01,-4.451349981309041803e-01,1.803757574228128213e+00,8.124447522542248556e-01,4.530196682435235767e-01,-1.230045838646168788e+00,-9.265847869742005471e-01,1.223212253993251064e+00,1.116326706611904029e+00,2.138971853622774200e-01,1.391540393426572431e+00,-2.391674871105188283e-01
9.452394299865223282e-01,4.812147677926319478e-01,-2.126389177683160270e+00,-2.757254221902706970e+00,2.077366343502297763e+00,-1.547670997756497746e+00,9.793123026344657811e-01,-4.154904734967644897e-01,-6.298891916641934374e-01,6.768587996887931446e-01,1.781619532078450474e+00,-4.032218060778506086e+00,1.827333528764298443e+00,-5.457639004242237357e-01,-4.073520247121384941e+00,2.167775131392249754e+00,1.338081216059977763e+00,-1.823185089207253196e-01,-4.249454715358897960e-01,2.300204393673953018e-01
-4.879780187737735586e-01,2.682593525308427651e+00,5.125086093756570094e-01,-2.737820822022996037e-01,-1.345619317948080429e+00,-5.569485567586794916e-01,-1.913126332537930629e+00,2.528061274403856640e-01,7.924245123759903198e-01,3.764741178046921988e-01,6.776700991039483757e-01,-5.527697881929331203e+00,-9.893302074013861358e-02,1.003381438341149678e+00,-3.574844114801912554e+00,-1.167135732123065761e+00,2.074186056348464646e+00,1.037208113046182323e+00,-2.302432196741377002e+00,3.094088773287870797e-01
-8.111770333989937187e-01,-6.276164430117955328e-01,-3.594382975146734882e+00,-4.512726963439743777e+00,-1.142211833902321505e+00,-9.009712207445725873e-01,8.572054556996409058e-01,-2.943912057077649358e+00,-1.042215130890980390e+00,1.511974902238143903e+00,1.703522618007437650e+00,-6.039418297566935934e+00,-1.773345920959076283e+00,1.507921608094563659e+00,-1.053751154116495314e+01,7.143774458678137096e-01,5.980061865175932745e+00,-1.570494486763990838e-01,-2.793753249397329733e-02,-1.275657763606256268e+00
-5.019726089519896961e-01,1.525411961296879948e+00,3.233508462361797786e+00,5.631655447993724195e+00,-5.394545331706080304e+00,9.345438256202487359e-01,-1.772234346629862234e+00,4.779022930569271632e-01,5.007461028726173380e-01,5.349635525337015363e-03,-3.142101659170122296e+00,1.007901325055890318e+01,-1.077292901826179206e+00,1.409544725368880591e-01,6.683420490238257905e+00,2.640445200870291109e-01,-7.786532458301143933e+00,1.226307661730662302e+00,4.010040337613396400e-01,-1.644474066298915238e+00
8.607736104206801242e-01,-2.306865753334483848e+00,1.499310668039157690e+00,3.577494941624573599e+00,-5.356849943806641257e+00,1.159881143882873999e+00,-1.567549774792918571e+00,1.272353867661446980e+00,5.951043199345101842e-01,-3.569518873278666460e-01,-3.013689185201108511e+00,6.489011047150941458e+00,8.741240715445326437e-01,1.095646462301286261e+00,4.807787976432933874e+00,-4.378749622180715950e-01,-1.480929904220366078e+00,-1.904366199784810920e+00,-9.257350090431694378e-02,4.090729330434520472e-01
-1.825586602304386519e+00,1.621411806103717712e+00,-7.389527009152709880e-01,-9.346176066990725673e-01,-7.667339402194406350e-02,1.232652478593333711e+00,-3.360843857528039713e-01,-2.668319268488173357e+00,2.543332491697944064e+00,1.518230343119335135e+00,1.026481852520370497e+00,-1.218363840758829530e+00,4.327783947690500566e-01,2.716725738150448932e-01,-1.110023081687344204e+00,3.370256334014058719e-02,7.078939404518326262e-01,-2.451003840961419322e-01,-1.201806436999588029e-01,1.815168442632547396e+00
-1.227676206876971321e+00,5.184844249040994058e-01,2.965942001112255699e+00,3.347602612355658813e+00,-1.963108082389966702e+00,1.801181099054544488e+00,-2.372331706507843307e+00,-1.178225853153834990e+00,-7.812665187834921809e-01,9.800146582938804585e-01,-1.319095471314722268e+00,3.411128597093334935e+00,5.039068918894618054e-01,4.752237574423965327e-01,4.193793428422659453e+00,-4.854551466505176993e-01,-2.666535168741889450e+00,8.894729846672174700e-01,-8.046033032670938390e-01,2.920640473892701094e-01
7.809879044236787138e-01,-3.241538148005238540e-01,-7.717134355262520451e-01,-3.635763871203030906e+00,4.411863660641778928e+00,6.136850474133949129e-01,-3.901034276450842109e-01,1.569901755913481134e+00,-1.286526942742769686e+00,-6.314194867342599604e-01,3.561389714586570499e+00,-4.499407747494651666e+00,-2.630078990999397126e-01,6.191306187623233370e-01,-7.663402949167073430e+00,2.319795813704315979e+00,3.745269672913710046e+00,8.403241032538412147e-01,-1.307001605706221481e+00,-6.213545557636868111e-01
5.049774997377352026e-01,3.180256213761219808e+00,2.411123438876205505e+00,3.594850750357941216e+00,-4.697193677205484974e+00,1.231644177779219751e+00,-1.174152120642820041e+00,3.355671450991594362e+00,-7.369944663980285693e-01,-2.329931988942810506e+00,-2.644048486837166756e+00,5.442450125488119461e+00,1.533100545953864691e+00,-1.209964199255403328e-01,8.885636383406048111e+00,-1.987460072112420928e+00,-3.319380995572092097e+00,9.120670051282894208e-01,1.441210793260369272e+00,3.519278764499150225e-01
5.547567523325179772e-01,8.405082175587497151e-01,-3.096538567593031255e-01,8.144662158055910872e-01,1.328835672015075353e+00,-2.304661553655009243e+00,9.642804680360129721e-01,5.774316256197007391e-01,-9.819066233142869082e-01,-1.513949600605426937e+00,-6.529763944664785935e-01,5.899696399301252114e+00,-2.755527364512337374e-01,-8.560706428954112379e-01,2.113073662239411732e+00,1.942572443584289488e+00,-1.710283131261228551e+00,1.073296124870452228e+00,8.154917708300305490e-01,3.695974029626473145e-01
-1.184930124785129379e+00,1.172785422583911830e-01,2.624442382116098038e+00,3.900746338727342444e+00,1.217301618787579809e+00,-8.157611197468207509e-01,-1.093978639836385769e+00,-1.661503839390608084e+00,-5.101767696254010803e-02,1.191747602698586039e+00,-9.460121538317667333e-01,2.826179859672150130e+00,-5.578239550135466462e-01,-9.288029286943645380e-01,3.702941044501794732e+00,-5.520901916953208782e-02,-5.705063996398760828e+00,4.769955697163349995e-01,-1.535384610630533109e+00,-1.422506535790867499e+00
1.505636493646920648e+00,-1.479353342806230653e+00,6.324035609626069032e+00,9.646117883594129694e+00,-5.873784953834134015e+00,-2.376456061737926562e-01,-1.617139433385144764e+00,-9.783530425163624589e-01,4.385612461253847183e-01,1.032801525126910258e+00,-6.307395057440454700e+00,1.153366054379155337e+01,-1.526066956290879517e+00,-8.056802533234768138e-01,1.491719720205579947e+01,-1.152630949393479987e-01,-9.887160679431204358e+00,-7.662249866518310304e-01,-1.322177657056083921e+00,-9.447343686998619372e-01
8.773857536283120595e-01,1.211889328636352570e+00,1.624384413411795958e+00,3.952704076555379586e+00,-5.972219790479905699e-01,2.801011979623224679e-01,1.247771500340267015e-01,-7.163445671611117227e-01,4.640600580144110809e-01,2.280409198945473337e-01,-2.016171568039062389e+00,7.643057838381212221e+00,-1.190722822957000826e+00,-9.477997715157493452e-01,7.935084211553323108e+00,6.582899862778748279e-01,-3.984756148816853916e+00,1.021248672068731711e+00,6.529620322711107150e-01,-3.679689567764147240e-01
-1.549524678013419310e+00,-2.564542009000589928e+00,2.730558192369942905e+00,4.313897240652440956e+00,-2.105719071652123020e+00,4.770711233381048078e-01,-2.062804081899041186e+00,2.419519846881908354e+00,3.794516866621792661e-01,-8.501410032264974381e-01,-2.668990370094091347e+00,7.031210460860177314e+00,-4.181941786903433100e-01,4.054666552174339134e-01,3.361045295996255344e+00,-7.147919781830810448e-01,-4.219267320225497997e+00,-8.457705142461936498e-01,4.535631608431090478e-01,-1.342663712683238142e+00
-8.030539045082307759e-01,-1.512774952329432043e+00,-4.681036075736233926e+00,-6.639350671347990840e+00,5.112113498765150865e+00,1.027395486653974455e-01,1.727421082405328434e+00,1.686213716781961303e-01,-6.888115410277666495e-01,-3.987523899552016804e-01,5.220318261489581779e+00,-8.020579116969031475e+00,-1.202453826979048790e+00,7.279394815401877272e-01,-1.002673263745292864e+01,1.635267890515023845e-02,6.606162700523039000e+00,-1.166188169210509828e+00,9.155632615229458704e-01,1.552209132936064107e+00
-7.198026531245894644e-01,-1.118757352377022452e+00,-4.701957792649473777e-01,-1.446203430966467529e+00,-8.426877210548435748e-01,7.306214599656883912e-01,-1.070619414470746350e-01,6.778433575442810444e-02,-5.205607752965829560e-01,-6.513917530761346164e-01,6.422402193885250465e-01,-2.258556481851588416e+00,1.849392827379125803e+00,8.202263641941086592e-01,3.695335183145860292e-01,-1.252586994825783361e-02,2.447353253294660469e+00,-5.035009279757709511e-01,-4.085687017335626892e-01,5.672625887947874146e-01
3.546129599984366165e-01,7.348361358157619039e-01,2.726774668168451932e+00,5.410685466918572217e+00,-3.590107383645079864e+00,1.311069260178226559e+00,-8.829967245679926080e-01,-5.591611180973076189e-01,-7.322458646573020147e-01,1.162518185314307395e-01,-2.649233179094274249e+00,6.518930552065346440e+00,-4.171568349435944012e-01,5.135725308621451601e-01,1.227156629770072449e+01,-8.256350616780039342e-01,-3.802555023012083257e+00,-2.319697694963682513e-02,5.938129033072506169e-02,1.135074156949681390e+00
-1.399340017829157290e+00,7.059524526864796590e-02,-1.060784530643310131e+00,-2.053585902571242627e+00,2.451695497855632233e+00,-9.238445957355616578e-01,1.022010909338159523e+00,-1.092287631044471796e+00,-9.224060848597787077e-01,1.659623405897522330e+00,2.377823115724236658e+00,-3.945638442312923377e+00,-2.101871208406745073e-01,-1.000207496234010174e-01,-3.007962538175982914e+00,8.077050052020872117e-01,2.253968967048828986e+00,-2.756000977369458815e-01,-9.082423283122614821e-01,-1.288263720089656728e+00
2.725603159289109456e+00,1.221959223931657457e+00,6.326541739009681198e-01,2.444174487825774733e+00,-2.452815605742222349e-01,8.777722684490523175e-01,-9.177271303636100885e-01,1.599309783208690550e-01,-6.587495116936511463e-01,2.634106368546984545e-01,1.384265560651167570e+00,4.932862480700194396e+00,9.905381248031390751e-01,4.893350188842271464e-01,1.064212221354672971e+00,-4.999995535863456797e-01,-1.583208668825281329e+00,1.803967083026351004e-01,9.672029280488888547e-01,-1.508450934051938919e-01
3.615594807562464430e-01,2.574447996212854139e-01,-1.250695745804925707e+00,4.237227324783654492e-01,-1.598629329218308470e+00,5.928436090362795285e-01,-4.112622254888319562e-01,1.582505340595444565e+00,-2.362107181396298772e-01,-3.572013469037070843e-01,4.816475241554900588e-01,-3.221552487988400548e-01,8.908746595544441149e-01,1.498212432502749714e+00,-4.152068399178055813e+00,-1.283619333703160281e+00,1.204370303898739447e+00,9.937551642182620437e-01,-5.159732367157048305e-01,-1.306808279378127491e+00
-8.382114174589292421e-01,2.127051377646585473e-02,5.831197587998940612e+00,9.472164987421971105e+00,-3.301554986273610659e+00,6.824934567794429530e-01,-2.204763421813494162e+00,2.390631841475535091e-02,5.494918425662669303e-01,1.446222597985938330e-01,-4.839277388935093072e+00,1.311448195863967037e+01,-7.667327568571062901e-01,-7.160477945983221293e-01,1.761372715627253527e+01,-1.900205813888514950e+00,-1.085447779429173387e+01,-1.581197320063358891e-01,-3.382548876669611015e-02,1.132466526039070498e+00
7.067073543448274542e-01,2.769771759385730281e+00,1.221059096949968170e+00,2.873810616820184904e+00,1.572867256627343391e+00,9.869945772853263577e-01,-5.831934307555515229e-01,1.461405923978271515e+00,-2.883333642931707352e+00,6.355004103976956698e-01,3.236401499601260223e-01,3.346073037748868995e+00,-1.462952252181887403e+00,-1.740945695716575592e-01,3.239321350669531974e+00,-6.293979381623374669e-01,-4.054196215647262846e+00,5.290838503571141382e-01,-6.709072622491484283e-01,1.221903174369495665e-01
-5.904472805595769591e-01,-2.261142994468082756e-01,1.349065395138886236e+00,2.580717836419315514e+00,-1.772642391935423500e+00,5.996596199287932416e-01,-4.632947008232728425e-01,-3.406769392620151216e+00,3.951664144940998380e-01,1.992498357743303306e+00,-1.712311103335660167e+00,4.135270780518325751e+00,-6.124778113033807481e-01,-7.437122064402589272e-01,8.064825552355783245e+00,-5.066234336815261807e-01,-3.433291031526857218e+00,-1.238907018745115940e-01,-5.511769812196400942e-01,1.371717863676624072e+00
8.381466834776220010e-01,-6.114343910258368542e-02,-2.200519163906102360e+00,-4.005431208140407762e+00,3.563322807608867437e-01,2.108808223424372616e-02,-5.285149560965394233e-01,5.740143807968285827e+00,-1.210197877408820233e+00,-2.554836391251948946e+00,1.851912275714688416e+00,-4.557814268463007856e+00,4.042429339167087354e-01,1.690826822353780567e+00,-9.313234777164236533e+00,-2.251547393384919715e+00,5.229498629893392980e+00,-1.033631535229610626e-01,1.841612326340204220e+00,1.009261954827359864e-01
3.171273488809328023e-01,1.842241212669180728e+00,-5.996951259593735761e-01,-9.860486284864105055e-01,4.532696779162532219e-01,1.981742568292629736e+00,-3.655813372105053416e-01,6.188368678708231485e+00,7.165854965722435743e-01,-3.512955961470219712e+00,7.519222031608744361e-01,1.701876104741005147e+00,-7.915632919699289172e-01,1.484789440581494036e-01,-2.064871851217230159e+00,4.717413172568722390e-01,1.090623591828799643e+00,8.818856292498762350e-01,1.552648626614896665e+00,9.248083894336329713e-01
-3.521210851916531381e-01,9.388305932389957587e-01,-2.479104032624598108e+00,-2.024392241883277599e+00,2.604677870590371036e+00,7.254504297176296579e-02,1.292170477243440307e-01,-1.045682643343182505e+00,-5.697198216128854936e-02,1.202708417134863428e+00,3.989076869259025049e-01,-2.582477109742936427e+00,-1.007195452506114197e+00,-2.283611864911651024e-01,-6.735984518783785013e+00,1.807014005411041457e-01,5.134805066891027003e+00,5.057914628272167645e-01,3.952970764216413163e-02,-5.149871232458110848e-01
-2.770491768485540685e-01,4.543556372654808939e-01,9.241340518174194774e-01,1.089243647723475261e+00,-9.766170699580462022e-01,2.252042437476263981e+00,-8.918772698651423747e-01,1.946219195048035422e+00,3.379623923885859832e-02,-9.525766933307083795e-01,-8.710934994258117126e-01,1.910749089577481019e+00,-1.069086861665423882e+00,-1.894480436642930199e-01,1.110303874573154603e+00,4.204027031078565457e-01,-7.212196980172399519e-01,1.069989375338968651e+00,-1.878567835491327942e-01,5.705326851861697302e-01
-1.132828497655295058e-01,-5.972500167104574098e-01,2.441522763164377441e+00,2.995556837426202712e+00,-2.197107701514163125e+00,-6.550283951197301002e-01,-7.649436283501502842e-01,-8.913664623820102273e-01,1.083542678369772583e+00,1.083343000150377655e+00,-2.890498741312977238e+00,6.680107807200251102e+00,6.018061442276193551e-01,-5.631425002201951857e-01,7.950833826259685821e+00,1.139534314177819141e+00,-4.063228969080068254e+00,-6.374086354799152199e-01,4.851397089480727343e-01,4.304585968000440577e-01
4.425889297663940791e-01,1.324216073375689806e+00,-1.255599253932190074e+00,-2.932013957739415755e+00,3.609183234920650740e+00,-2.655739604381510133e-01,-2.695315690242830117e-02,5.281038538365904422e+00,-6.271881282183174866e-01,-1.171840464322613684e+00,2.358011614412108603e+00,-2.575348420031700947e+00,-5.934375188777026855e-01,-4.549459733007669704e-01,-3.108095671522666859e+00,8.794273517069353119e-01,2.121094712890686740e+00,1.207594564595064535e+00,1.343467670341361497e+00,1.368734767890877446e+00
7.047243687855365979e-02,-1.490205579774704692e+00,-1.215539306862406299e+00,-1.652608955976217819e+00,-1.581718570188005657e+00,8.572746742458871028e-01,-4.439684057868464873e-01,-2.296617976934733019e+00,-1.413815564662942670e+00,1.209594582169971400e+00,3.351677243291328878e-02,-5.133641145406092399e+00,1.605906300420595345e-01,1.737874359589139939e+00,-6.096405646474282847e+00,-9.870324107635431998e-01,1.775453944233696513e+00,-1.839659669931761110e+00,-7.143147867817897234e-01,-2.994756901375075220e-01
2.253148910560990870e-01,-1.139609564983125711e+00,1.086136150302377423e+00,9.596796231270015021e-01,-1.230829519730374022e+00,-1.735024041341989287e+00,-1.723643203989824180e-01,3.025737334742704676e-01,-1.864022511437182228e-01,-2.804263095490280300e-01,-1.115188934775243279e+00,1.160439642342697253e+00,-9.337945776479948945e-01,1.044280566857405668e-01,2.127024511902666060e+00,3.591493791298000504e-01,-7.526140139152842634e-01,2.399290847890617195e-01,-1.612057110364808699e+00,8.622887806881987527e-02
1.139584192513844130e+00,-2.715582059652783542e-01,3.216134736424810514e-01,2.358425433613527744e+00,-5.204895578741465023e+00,-1.637492982062587421e+00,-4.587515862744237505e-01,-8.750088620065741285e-01,4.499977694530549188e-01,9.927265547709640536e-02,-2.878522854340731740e+00,1.325906700109789726e+00,1.224043080634709346e+00,3.938412876477879743e-01,2.823780235555956697e+00,-2.668385102188551183e+00,-1.643521171594145569e+00,-1.488583650943917203e+00,-9.231037581308097761e-02,-1.011761681896525378e+00
6.376506567718224217e-01,2.252757537971699531e+00,-2.924316912715057448e+00,-3.574011309441428974e+00,-1.353439331239381094e+00,-9.411772617866635826e-02,4.424210356714122216e-01,-5.995892244394194215e-01,-2.306983572329463494e-01,-2.109719797188760460e-01,3.719378982684375945e-01,-5.573289379900308482e+00,1.364342048432015453e+00,2.998483573458599061e-01,-8.896680569425541307e+00,-1.231398965375118282e+00,5.539006171327745420e+00,1.960583073711657187e+00,1.414387387672463969e+00,-8.783814990920568722e-01
-1.635214302442483003e+00,-1.937263261213580279e+00,-3.266347259629416300e-01,-9.378940573852331264e-01,6.982815148416311457e-01,3.942983577669850748e-01,7.152101778098508555e-01,4.870524500580519778e-01,1.139866700711066105e+00,-1.087603913064759453e+00,-1.978919515147200547e-01,-3.918985832912895706e+00,-9.412011508087988476e-01,-6.442300604694172206e-01,4.216798606827870444e+00,1.094915973793212857e-02,-3.783275489270980785e-01,-5.557341382994428480e-01,-2.002978613952442366e+00,2.353365540718511451e+00
-6.928386172116031139e-01,-1.816862483444530163e-01,2.755275304140655024e+00,2.409017327542867459e+00,-5.470470267492308913e-01,1.142970327836620781e+00,-1.384685360408418831e+00,1.706377859350466819e+00,1.483981606650013108e+00,-4.473074617206462267e-01,-3.116230338480021622e-01,5.096011435066413853e+00,2.057263616224158098e-01,-1.686372073151891360e-02,3.617084199708166192e+00,1.173731474308442380e+00,-2.765082933066218551e+00,-1.102140699058822282e+00,-2.726440539450797340e-01,-6.346224626025175342e-01
-6.149892037030295633e-01,-4.767079729409156919e+00,-3.716649953883636393e+00,-5.775697140699899812e+00,1.426670811175656528e-01,9.006990416068005878e-01,3.846905599388170116e-01,9.948459407247773889e-01,-3.074599462299162589e+00,-9.856130856989289146e-01,3.469430969787792307e+00,-6.529097380852292964e+00,-7.483907815211326975e-01,2.267968112513171874e+00,-1.280794615826882854e+01,1.923779050700680004e+00,5.058542451574277621e+00,-2.193805983603919874e+00,-1.405316086914218277e+00,-4.865022759508995653e-01
-1.063192736658202353e+00,-8.328448462531707897e-01,-9.994788460372618921e-01,-6.865227436151051243e-01,-2.478631791237056792e+00,-5.486429799969201326e-01,3.847808522578432394e-02,1.094276311102851729e+00,2.048598849920882703e+00,-5.052139018284277361e-01,6.476596599453914305e-01,-4.855957360988305549e-01,4.706865987745690871e-01,1.614733168980198474e+00,-2.545516546303617123e+00,-9.090504330119306697e-01,2.977772773075725077e+00,-9.712923348937890777e-01,4.086587144348279299e-01,-2.017420196117129805e-01
1.953032664193800283e+00,-3.066353790954364555e+00,4.704053340704361652e-02,-1.097895318419682686e+00,-3.091451826602187758e+00,-8.132171623219911494e-01,-7.173734554447612766e-01,-2.374695021816493501e+00,-3.186015034362053577e-01,9.397130544503422556e-01,2.611802473168913785e-01,2.520898750628343343e+00,6.898877295658417674e-01,1.539436885300270674e+00,-7.667537345052359399e+00,6.533211427595402299e-01,3.079612974598420649e+00,-1.474050287611677446e+00,1.695740836459269929e-01,-2.086412877335225069e+00
